-- Dumping data for table `school`
INSERT INTO `school` (`school_id`, `school_name`, `school_type_id`, `school_level_id`, `no_of_students`, `city`, `state_id`, `phone_number`, `fax_number`, `create_date`, `change_date`, `registration_date`, `logo_link`, `class_strength`, `leveling`, `gender_equity`, `promot_startdate`, `promot_enddate`, `school_abbr`, `district_id`) VALUES (11,'RDM',1,4,100,'Vizag',1,NULL,NULL,NULL,NULL,'2015-07-27',NULL,0,NULL,NULL,NULL,NULL,'RDM',NULL);

-- Dumping data for table `address`
INSERT INTO `address` (`address_id`, `address`, `state_id`, `city`, `zipcode`, `create_date`, `change_date`) VALUES (1,'600 Simon Way #',1,'Oxnard',93036,NULL,NULL),(2,'600 Simon Way #',1,'Oxnard',93036,NULL,NULL),(3,'600 Simon Way #',1,'Oxnard',93036,NULL,NULL),(4,'600 Simon Way #',1,'Oxnard',93036,NULL,NULL),(5,'600 Simon Way #',1,'Oxnard',93036,NULL,NULL),(6,'600 Simon Way #',1,'Oxnard',93036,NULL,NULL),(7,'600 Simon Way #',1,'Oxnard',93036,NULL,NULL),(8,'600 Simon Way #',1,'Oxnard',93036,NULL,NULL),(9,'600 Simon Way #',1,'Oxnard',93036,NULL,NULL),(10,'600 Simon Way #',1,'Oxnard',93036,NULL,NULL),(11,'600 Simon Way #',1,'Oxnard',93036,NULL,NULL),(12,'600 Simon Way #',1,'Oxnard',93036,NULL,NULL),(13,'600 Simon Way #',1,'Oxnard',93036,NULL,NULL),(14,'600 Simon Way #',1,'Oxnard',93036,NULL,NULL),(15,'600 Simon Way #',1,'Oxnard',93036,NULL,NULL),(16,'600 Simon Way #',1,'Oxnard',93036,NULL,NULL),(17,'600 Simon Way #',1,'Oxnard',93036,NULL,NULL),(18,'600 Simon Way #',1,'Oxnard',93036,NULL,NULL),(19,'600 Simon Way #',1,'Oxnard',93036,NULL,NULL),(20,'600 Simon Way #',1,'Oxnard',93036,NULL,NULL),(21,'600 Simon Way #',1,'Oxnard',93036,NULL,NULL),(22,'600 Simon Way #',1,'Oxnard',93036,NULL,NULL),(23,'600 Simon Way #',1,'Oxnard',93036,NULL,NULL),(24,'600 Simon Way #',1,'Oxnard',93036,NULL,NULL),(25,'600 Simon Way #',1,'Oxnard',93036,NULL,NULL),(26,'600 Simon Way #',1,'Oxnard',93036,NULL,NULL),(27,'600 Simon Way #',1,'Oxnard',93036,NULL,NULL),(28,'600 Simon Way #',1,'Oxnard',93036,NULL,NULL),(29,'600 Simon Way #',1,'Oxnard',93036,NULL,NULL),(30,'600 Simon Way #',1,'Oxnard',93036,NULL,NULL),(31,'600 Simon Way #',1,'Oxnard',93036,NULL,NULL),(32,'600 Simon Way #',1,'Oxnard',93036,NULL,NULL),(33,'600 Simon Way #',1,'Oxnard',93036,NULL,NULL),(34,'600 Simon Way #',1,'Oxnard',93036,NULL,NULL),(35,'600 Simon Way #',1,'Oxnard',93036,NULL,NULL),(36,'600 Simon Way #',1,'Oxnard',93036,NULL,NULL),(37,'600 Simon Way #',1,'Oxnard',93036,NULL,NULL),(38,'600 Simon Way #',1,'Oxnard',93036,NULL,NULL),(39,'600 Simon Way #',1,'Oxnard',93036,NULL,NULL),(40,'600 Simon Way #',1,'Oxnard',93036,NULL,NULL),(41,'600 Simon Way #',1,'Oxnard',93036,NULL,NULL),(42,'600 Simon Way #',1,'Oxnard',93036,NULL,NULL),(43,'600 Simon Way #',1,'Oxnard',93036,NULL,NULL),(44,'600 Simon Way #',1,'Oxnard',93036,NULL,NULL),(45,'600 Simon Way #',1,'Oxnard',93036,NULL,NULL),(46,'600 Simon Way #',1,'Oxnard',93036,NULL,NULL),(47,'600 Simon Way #',1,'Oxnard',93036,NULL,NULL),(48,'600 Simon Way #',1,'Oxnard',93036,NULL,NULL),(49,'600 Simon Way #',1,'Oxnard',93036,NULL,NULL),(50,'600 Simon Way #',1,'Oxnard',93036,NULL,NULL),(51,'600 Simon Way #',1,'Oxnard',93036,NULL,NULL),(52,'600 Simon Way #',1,'Oxnard',93036,NULL,NULL),(53,'600 Simon Way #',1,'Oxnard',93036,NULL,NULL),(54,'600 Simon Way #',1,'Oxnard',93036,NULL,NULL),(55,'600 Simon Way #',1,'Oxnard',93036,NULL,NULL),(56,'600 Simon Way #',1,'Oxnard',93036,NULL,NULL),(57,'600 Simon Way #',1,'Oxnard',93036,NULL,NULL),(58,'600 Simon Way #',1,'Oxnard',93036,NULL,NULL),(59,'600 Simon Way #',1,'Oxnard',93036,NULL,NULL),(60,'600 Simon Way #',1,'Oxnard',93036,NULL,NULL),(61,'600 Simon Way #',1,'Oxnard',93036,NULL,NULL),(62,'600 Simon Way #',1,'Oxnard',93036,NULL,NULL),(63,'600 Simon Way #',1,'Oxnard',93036,NULL,NULL),(64,'600 Simon Way #',1,'Oxnard',93036,NULL,NULL),(65,'600 Simon Way #',1,'Oxnard',93036,NULL,NULL),(66,'600 Simon Way #',1,'Oxnard',93036,NULL,NULL),(67,'600 Simon Way #',1,'Oxnard',93036,NULL,NULL),(68,'600 Simon Way #',1,'Oxnard',93036,NULL,NULL),(69,'600 Simon Way #',1,'Oxnard',93036,NULL,NULL),(70,'600 Simon Way #',1,'Oxnard',93036,NULL,NULL),(71,'600 Simon Way #',1,'Oxnard',93036,NULL,NULL),(72,'600 Simon Way #',1,'Oxnard',93036,NULL,NULL),(73,'600 Simon Way #',1,'Oxnard',93036,NULL,NULL),(74,'600 Simon Way #',1,'Oxnard',93036,NULL,NULL),(75,'600 Simon Way #',1,'Oxnard',93036,NULL,NULL),(76,'600 Simon Way #',1,'Oxnard',93036,NULL,NULL),(77,'600 Simon Way #',1,'Oxnard',93036,NULL,NULL),(78,'600 Simon Way #',1,'Oxnard',93036,NULL,NULL),(79,'600 Simon Way #',1,'Oxnard',93036,NULL,NULL),(80,'600 Simon Way #',1,'Oxnard',93036,NULL,NULL),(81,'600 Simon Way #',1,'Oxnard',93036,NULL,NULL),(82,'600 Simon Way #',1,'Oxnard',93036,NULL,NULL),(83,'600 Simon Way #',1,'Oxnard',93036,NULL,NULL),(84,'600 Simon Way #',1,'Oxnard',93036,NULL,NULL),(85,'600 Simon Way #',1,'Oxnard',93036,NULL,NULL),(86,'600 Simon Way #',1,'Oxnard',93036,NULL,NULL),(87,'600 Simon Way #',1,'Oxnard',93036,NULL,NULL),(88,'600 Simon Way #',1,'Oxnard',93036,NULL,NULL),(89,'600 Simon Way #',1,'Oxnard',93036,NULL,NULL),(90,'600 Simon Way #',1,'Oxnard',93036,NULL,NULL),(91,'600 Simon Way #',1,'Oxnard',93036,NULL,NULL),(92,'600 Simon Way #',1,'Oxnard',93036,NULL,NULL),(93,'600 Simon Way #',1,'Oxnard',93036,NULL,NULL),(94,'600 Simon Way #',1,'Oxnard',93036,NULL,NULL),(95,'600 Simon Way #',1,'Oxnard',93036,NULL,NULL),(96,'600 Simon Way #',1,'Oxnard',93036,NULL,NULL),(97,'600 Simon Way #',1,'Oxnard',93036,NULL,NULL),(98,'600 Simon Way #',1,'Oxnard',93036,NULL,NULL),(99,'600 Simon Way #',1,'Oxnard',93036,NULL,NULL),(100,'600 Simon Way #',1,'Oxnard',93036,NULL,NULL),(101,'600 Simon Way #',1,'Oxnard',93036,NULL,NULL),(102,'600 Simon Way #',1,'Oxnard',93036,NULL,NULL),(103,'600 Simon Way #',1,'Oxnard',93036,NULL,NULL),(104,'600 Simon Way #',1,'Oxnard',93036,NULL,NULL),(105,'600 Simon Way #',1,'Oxnard',93036,NULL,NULL),(106,'600 Simon Way #',1,'Oxnard',93036,NULL,NULL),(107,'600 Simon Way #',1,'Oxnard',93036,NULL,NULL),(108,'600 Simon Way #',1,'Oxnard',93036,NULL,NULL),(109,'600 Simon Way #',1,'Oxnard',93036,NULL,NULL),(110,'600 Simon Way #',1,'Oxnard',93036,NULL,NULL),(111,'600 Simon Way #',1,'Oxnard',93036,NULL,NULL),(112,'600 Simon Way #',1,'Oxnard',93036,NULL,NULL),(113,'600 Simon Way #',1,'Oxnard',93036,NULL,NULL),(114,'600 Simon Way #',1,'Oxnard',93036,NULL,NULL);

-- Dumping data for table `user_registration`

INSERT INTO `user_registration` (`reg_id`, `title`, `first_name`, `last_name`, `user_typeid`, `password`, `qualification`, `phonenumber`, `email_id`, `parent_reg_id`, `address_id`, `school_id`, `create_date`, `change_date`, `experience`, `subjects`, `interestareas`, `projects`, `education`, `contactinfo`, `district_id`, `status`) VALUES (8,NULL,'Beatriz','Acosta',3,'8d788385431273d11e8b43bb78f3aa41',NULL,NULL,'bacosta@rioschools.org',NULL,1,11,NULL,NULL,NULL,NULL,NULL,NULL,NULL,NULL,NULL,'active'),(9,NULL,'William','Almstrom',3,'8d788385431273d11e8b43bb78f3aa41',NULL,NULL,'walmstrom@rioschools.org',NULL,2,11,NULL,NULL,NULL,NULL,NULL,NULL,NULL,NULL,NULL,'active'),(10,NULL,'Natalia','Macias',4,'d0e45878043844ffc41aac437e86b602',NULL,NULL,'n.macias@rioparent.org',NULL,3,11,NULL,NULL,NULL,NULL,NULL,NULL,NULL,NULL,NULL,'active'),(11,NULL,'Dannika','Ruizvelasco',4,'d0e45878043844ffc41aac437e86b602',NULL,NULL,'d.ruizvelasco@rioparent.org',NULL,4,11,NULL,NULL,NULL,NULL,NULL,NULL,NULL,NULL,NULL,'active'),(12,NULL,'Angela','Zamudio',4,'d0e45878043844ffc41aac437e86b602',NULL,NULL,'a.zamudio@rioparent.org',NULL,5,11,NULL,NULL,NULL,NULL,NULL,NULL,NULL,NULL,NULL,'active'),(13,NULL,'Christopher','Alfaro',4,'d0e45878043844ffc41aac437e86b602',NULL,NULL,'c.alfaro@rioparent.org',NULL,6,11,NULL,NULL,NULL,NULL,NULL,NULL,NULL,NULL,NULL,'active'),(14,NULL,'Nayeli','Mojica',4,'d0e45878043844ffc41aac437e86b602',NULL,NULL,'n.mojica25@rioparent.org',NULL,7,11,NULL,NULL,NULL,NULL,NULL,NULL,NULL,NULL,NULL,'active'),(15,NULL,'Sophia','Betancourt',4,'d0e45878043844ffc41aac437e86b602',NULL,NULL,'s.betancourt@rioparent.org',NULL,8,11,NULL,NULL,NULL,NULL,NULL,NULL,NULL,NULL,NULL,'active'),(16,NULL,'Julian','Vargas',4,'d0e45878043844ffc41aac437e86b602',NULL,NULL,'j.vargas@rioparent.org',NULL,9,11,NULL,NULL,NULL,NULL,NULL,NULL,NULL,NULL,NULL,'active'),(17,NULL,'Gerardo','Ramirez Jr.',4,'d0e45878043844ffc41aac437e86b602',NULL,NULL,'g.ramirez@rioparent.org',NULL,10,11,NULL,NULL,NULL,NULL,NULL,NULL,NULL,NULL,NULL,'active'),(18,NULL,'Osvaldo','Menchaca',4,'d0e45878043844ffc41aac437e86b602',NULL,NULL,'o.menchaca@rioparent.org',NULL,11,11,NULL,NULL,NULL,NULL,NULL,NULL,NULL,NULL,NULL,'active'),(19,NULL,'Andrew','Munoz',4,'d0e45878043844ffc41aac437e86b602',NULL,NULL,'a.munoz49@rioparent.org',NULL,12,11,NULL,NULL,NULL,NULL,NULL,NULL,NULL,NULL,NULL,'active'),(20,NULL,'Frank','Trejo',4,'d0e45878043844ffc41aac437e86b602',NULL,NULL,'fa.trejo@rioparent.org',NULL,13,11,NULL,NULL,NULL,NULL,NULL,NULL,NULL,NULL,NULL,'active'),(21,NULL,'Angel','Mateo',4,'d0e45878043844ffc41aac437e86b602',NULL,NULL,'a.mateo@rioparent.org',NULL,14,11,NULL,NULL,NULL,NULL,NULL,NULL,NULL,NULL,NULL,'active'),(22,NULL,'Julissa','Vergara',4,'d0e45878043844ffc41aac437e86b602',NULL,NULL,'j.vergara49@rioparent.org',NULL,15,11,NULL,NULL,NULL,NULL,NULL,NULL,NULL,NULL,NULL,'active'),(23,NULL,'Sabrina','Vasquez',4,'d0e45878043844ffc41aac437e86b602',NULL,NULL,'s.vasquez@rioparent.org',NULL,16,11,NULL,NULL,NULL,NULL,NULL,NULL,NULL,NULL,NULL,'active'),(24,NULL,'Hade','Camacho',4,'d0e45878043844ffc41aac437e86b602',NULL,NULL,'h.camacho@rioparent.org',NULL,17,11,NULL,NULL,NULL,NULL,NULL,NULL,NULL,NULL,NULL,'active'),(25,NULL,'Gerardo','Carrillo',4,'d0e45878043844ffc41aac437e86b602',NULL,NULL,'g.carrillo@rioparent.org',NULL,18,11,NULL,NULL,NULL,NULL,NULL,NULL,NULL,NULL,NULL,'active'),(26,NULL,'Alyssa','Andrade',4,'d0e45878043844ffc41aac437e86b602',NULL,NULL,'a.andrade@rioparent.org',NULL,19,11,NULL,NULL,NULL,NULL,NULL,NULL,NULL,NULL,NULL,'active'),(27,NULL,'Bianca','Gonzalez',4,'d0e45878043844ffc41aac437e86b602',NULL,NULL,'bm.gonzalez@rioparent.org',NULL,20,11,NULL,NULL,NULL,NULL,NULL,NULL,NULL,NULL,NULL,'active'),(28,NULL,'Sebastian','Delgado',4,'d0e45878043844ffc41aac437e86b602',NULL,NULL,'s.delgado@rioparent.org',NULL,21,11,NULL,NULL,NULL,NULL,NULL,NULL,NULL,NULL,NULL,'active'),(29,NULL,'Zayali','Leyva',4,'d0e45878043844ffc41aac437e86b602',NULL,NULL,'z.leyva@rioparent.org',NULL,22,11,NULL,NULL,NULL,NULL,NULL,NULL,NULL,NULL,NULL,'active'),(30,NULL,'Kimberly','Velasquez',4,'d0e45878043844ffc41aac437e86b602',NULL,NULL,'km.velasquez@rioparent.org',NULL,23,11,NULL,NULL,NULL,NULL,NULL,NULL,NULL,NULL,NULL,'active'),(31,NULL,'Julian','Villarreal',4,'d0e45878043844ffc41aac437e86b602',NULL,NULL,'j.villarreal@rioparent.org',NULL,24,11,NULL,NULL,NULL,NULL,NULL,NULL,NULL,NULL,NULL,'active'),(32,NULL,'Christian','Marcelino',4,'d0e45878043844ffc41aac437e86b602',NULL,NULL,'c.marcelino@rioparent.org',NULL,25,11,NULL,NULL,NULL,NULL,NULL,NULL,NULL,NULL,NULL,'active'),(33,NULL,'Emily','Rodriguez',4,'d0e45878043844ffc41aac437e86b602',NULL,NULL,'e.rodriguez@rioparent.org',NULL,26,11,NULL,NULL,NULL,NULL,NULL,NULL,NULL,NULL,NULL,'active'),(34,NULL,'Jaden','Stewart',4,'d0e45878043844ffc41aac437e86b602',NULL,NULL,'j.stewart@rioparent.org',NULL,27,11,NULL,NULL,NULL,NULL,NULL,NULL,NULL,NULL,NULL,'active'),(35,NULL,'Andres','Leos',4,'d0e45878043844ffc41aac437e86b602',NULL,NULL,'aa.leos@rioparent.org',NULL,28,11,NULL,NULL,NULL,NULL,NULL,NULL,NULL,NULL,NULL,'active'),(36,NULL,'Sierra','Garcia',4,'d0e45878043844ffc41aac437e86b602',NULL,NULL,'sh.garcia@rioparent.org',NULL,29,11,NULL,NULL,NULL,NULL,NULL,NULL,NULL,NULL,NULL,'active'),(37,NULL,'Atzhiri','Gomez',4,'d0e45878043844ffc41aac437e86b602',NULL,NULL,'a.gomez32@rioparent.org',NULL,30,11,NULL,NULL,NULL,NULL,NULL,NULL,NULL,NULL,NULL,'active'),(38,NULL,'Andy','Del Villar',4,'d0e45878043844ffc41aac437e86b602',NULL,NULL,'a.delvillar@rioparent.org',NULL,31,11,NULL,NULL,NULL,NULL,NULL,NULL,NULL,NULL,NULL,'active'),(39,NULL,'Hugo','Cuecuecha',4,'d0e45878043844ffc41aac437e86b602',NULL,NULL,'h.cuecuecha@rioparent.org',NULL,32,11,NULL,NULL,NULL,NULL,NULL,NULL,NULL,NULL,NULL,'active'),(40,NULL,'Peter','Hill',4,'d0e45878043844ffc41aac437e86b602',NULL,NULL,'p.hill@rioparent.org',NULL,33,11,NULL,NULL,NULL,NULL,NULL,NULL,NULL,NULL,NULL,'active'),(41,NULL,'Eduardo','Arevalo',4,'d0e45878043844ffc41aac437e86b602',NULL,NULL,'e.arevalo36@rioparent.org',NULL,34,11,NULL,NULL,NULL,NULL,NULL,NULL,NULL,NULL,NULL,'active'),(42,NULL,'Yessenia','Flores',4,'d0e45878043844ffc41aac437e86b602',NULL,NULL,'y.flores@rioparent.org',NULL,35,11,NULL,NULL,NULL,NULL,NULL,NULL,NULL,NULL,NULL,'active'),(43,NULL,'Omar','Gaspar',4,'d0e45878043844ffc41aac437e86b602',NULL,NULL,'o.gaspar@rioparent.org',NULL,36,11,NULL,NULL,NULL,NULL,NULL,NULL,NULL,NULL,NULL,'active'),(44,NULL,'Jorge','Rodriguez',4,'d0e45878043844ffc41aac437e86b602',NULL,NULL,'jr.rodriguez@rioparent.org',NULL,37,11,NULL,NULL,NULL,NULL,NULL,NULL,NULL,NULL,NULL,'active'),(45,NULL,'Isabel','Camacho',4,'d0e45878043844ffc41aac437e86b602',NULL,NULL,'i.camacho@rioparent.org',NULL,38,11,NULL,NULL,NULL,NULL,NULL,NULL,NULL,NULL,NULL,'active'),(46,NULL,'Oscar','Mendoza',4,'d0e45878043844ffc41aac437e86b602',NULL,NULL,'o.mendoza@rioparent.org',NULL,39,11,NULL,NULL,NULL,NULL,NULL,NULL,NULL,NULL,NULL,'active'),(47,NULL,'Abraham','Cervantes',4,'d0e45878043844ffc41aac437e86b602',NULL,NULL,'a.cervantes7@rioparent.org',NULL,40,11,NULL,NULL,NULL,NULL,NULL,NULL,NULL,NULL,NULL,'active'),(48,NULL,'Luna','Ambriz',4,'d0e45878043844ffc41aac437e86b602',NULL,NULL,'l.ambriz97@rioparent.org',NULL,41,11,NULL,NULL,NULL,NULL,NULL,NULL,NULL,NULL,NULL,'active'),(49,NULL,'Gisell','Olvera',4,'d0e45878043844ffc41aac437e86b602',NULL,NULL,'g.olvera@rioparent.org',NULL,42,11,NULL,NULL,NULL,NULL,NULL,NULL,NULL,NULL,NULL,'active'),(50,NULL,'Aldo','Urzua',4,'d0e45878043844ffc41aac437e86b602',NULL,NULL,'a.urzua@rioparent.org',NULL,43,11,NULL,NULL,NULL,NULL,NULL,NULL,NULL,NULL,NULL,'active'),(51,NULL,'Edmundo','Garfio',4,'d0e45878043844ffc41aac437e86b602',NULL,NULL,'e.garfio@rioparent.org',NULL,44,11,NULL,NULL,NULL,NULL,NULL,NULL,NULL,NULL,NULL,'active'),(52,NULL,'Jovany','Gonzalez',4,'d0e45878043844ffc41aac437e86b602',NULL,NULL,'j.gonzalez62@rioparent.org',NULL,45,11,NULL,NULL,NULL,NULL,NULL,NULL,NULL,NULL,NULL,'active'),(53,NULL,'John','Looby',4,'d0e45878043844ffc41aac437e86b602',NULL,NULL,'j.looby@rioparent.org',NULL,46,11,NULL,NULL,NULL,NULL,NULL,NULL,NULL,NULL,NULL,'active'),(54,NULL,'Dayanara','Guerrero',4,'d0e45878043844ffc41aac437e86b602',NULL,NULL,'d.guerrero@rioparent.org',NULL,47,11,NULL,NULL,NULL,NULL,NULL,NULL,NULL,NULL,NULL,'active'),(55,NULL,'Israel','Ayala',4,'d0e45878043844ffc41aac437e86b602',NULL,NULL,'i.ayala@rioparent.org',NULL,48,11,NULL,NULL,NULL,NULL,NULL,NULL,NULL,NULL,NULL,'active'),(56,NULL,'Andrea','Mendez Lopez',4,'d0e45878043844ffc41aac437e86b602',NULL,NULL,'a.mendezlopez@rioparent.org',NULL,49,11,NULL,NULL,NULL,NULL,NULL,NULL,NULL,NULL,NULL,'active'),(57,NULL,'Chloe','Sales',4,'d0e45878043844ffc41aac437e86b602',NULL,NULL,'cc.sales@rioparent.org',NULL,50,11,NULL,NULL,NULL,NULL,NULL,NULL,NULL,NULL,NULL,'active'),(58,NULL,'Emma','Soderstedt',4,'d0e45878043844ffc41aac437e86b602',NULL,NULL,'e.soderstedt@rioparent.org',NULL,51,11,NULL,NULL,NULL,NULL,NULL,NULL,NULL,NULL,NULL,'active'),(59,NULL,'Sharon','Cuellar',4,'d0e45878043844ffc41aac437e86b602',NULL,NULL,'s.cuellar@rioparent.org',NULL,52,11,NULL,NULL,NULL,NULL,NULL,NULL,NULL,NULL,NULL,'active'),(60,NULL,'Ashley','Tolteca',4,'d0e45878043844ffc41aac437e86b602',NULL,NULL,'a.tolteca@rioparent.org',NULL,53,11,NULL,NULL,NULL,NULL,NULL,NULL,NULL,NULL,NULL,'active'),(61,NULL,'Carlos','Martinez',4,'d0e45878043844ffc41aac437e86b602',NULL,NULL,'c.martinez@rioparent.org',NULL,54,11,NULL,NULL,NULL,NULL,NULL,NULL,NULL,NULL,NULL,'active'),(62,NULL,'Kelly','Rosillo',4,'d0e45878043844ffc41aac437e86b602',NULL,NULL,'k.rosillo@rioparent.org',NULL,55,11,NULL,NULL,NULL,NULL,NULL,NULL,NULL,NULL,NULL,'active'),(63,NULL,'Ayxa','Agraz',4,'d0e45878043844ffc41aac437e86b602',NULL,NULL,'a.agraz@rioparent.org',NULL,56,11,NULL,NULL,NULL,NULL,NULL,NULL,NULL,NULL,NULL,'active'),(64,NULL,'Pablo','Sanchez',4,'d0e45878043844ffc41aac437e86b602',NULL,NULL,'p.sanchez@rioparent.org',NULL,57,11,NULL,NULL,NULL,NULL,NULL,NULL,NULL,NULL,NULL,'active'),(65,NULL,'Mariela','Vargas',4,'d0e45878043844ffc41aac437e86b602',NULL,NULL,'m.vargas@rioparent.org',NULL,58,11,NULL,NULL,NULL,NULL,NULL,NULL,NULL,NULL,NULL,'active'),(66,NULL,'Alyssa','Andrade',6,'9626c20cdd31b639488258515abd4cac',NULL,NULL,'a.andrade@rioschools.org',26,59,11,NULL,NULL,NULL,NULL,NULL,NULL,NULL,NULL,NULL,'active'),(67,NULL,'Hade','Camacho',6,'3ce3350d024a9111c7ed32e0420f6168',NULL,NULL,'h.camacho@rioschools.org',24,60,11,NULL,NULL,NULL,NULL,NULL,NULL,NULL,NULL,NULL,'active'),(68,NULL,'Isabel','Camacho',6,'84eb06cab16e62fe7b76987b2b3bd5b7',NULL,NULL,'i.camacho@rioschools.org',45,61,11,NULL,NULL,NULL,NULL,NULL,NULL,NULL,NULL,NULL,'active'),(69,NULL,'Jovany','Gonzalez',6,'72778438e1912adbd2adacab20567447',NULL,NULL,'j.gonzalez62@rioschools.org',52,62,11,NULL,NULL,NULL,NULL,NULL,NULL,NULL,NULL,NULL,'active'),(70,NULL,'Chloe','Sales',6,'4c06636a24452fdbc4fdddc64aacddcc',NULL,NULL,'cc.sales@rioschools.org',57,63,11,NULL,NULL,NULL,NULL,NULL,NULL,NULL,NULL,NULL,'active'),(71,NULL,'Jorge','Rodriguez',6,'d356f5bda6b271aa131c670f4225bf80',NULL,NULL,'jr.rodriguez@rioschools.org',44,64,11,NULL,NULL,NULL,NULL,NULL,NULL,NULL,NULL,NULL,'active'),(72,NULL,'Ashley','Tolteca',6,'bd84376225dc4866ecf2506368df6d86',NULL,NULL,'a.tolteca@rioschools.org',60,65,11,NULL,NULL,NULL,NULL,NULL,NULL,NULL,NULL,NULL,'active'),(73,NULL,'Christopher','Alfaro',6,'aed2665ddcddadb08082254545271538',NULL,NULL,'c.alfaro@rioschools.org',13,66,11,NULL,NULL,NULL,NULL,NULL,NULL,NULL,NULL,NULL,'active'),(74,NULL,'John','Looby',6,'53cd111a20e562535d8f3af40a2caf82',NULL,NULL,'j.looby@rioschools.org',53,67,11,NULL,NULL,NULL,NULL,NULL,NULL,NULL,NULL,NULL,'active'),(75,NULL,'Hugo','Cuecuecha',6,'cbda3fcf8d37a5ebcbbaa4227ec3d72c',NULL,NULL,'h.cuecuecha@rioschools.org',39,68,11,NULL,NULL,NULL,NULL,NULL,NULL,NULL,NULL,NULL,'active'),(76,NULL,'Pablo','Sanchez',6,'c2995ff326ba4ae972fcd12c1e485169',NULL,NULL,'p.sanchez@rioschools.org',64,69,11,NULL,NULL,NULL,NULL,NULL,NULL,NULL,NULL,NULL,'active'),(77,NULL,'Julian','Villarreal',6,'1c7b2e9390f13ab07afaffdbd3beb417',NULL,NULL,'j.villarreal@rioschools.org',31,70,11,NULL,NULL,NULL,NULL,NULL,NULL,NULL,NULL,NULL,'active'),(78,NULL,'Julian','Vargas',6,'17117d4eee1e11855b0bcb9ce95839cb',NULL,NULL,'j.vargas@rioschools.org',16,71,11,NULL,NULL,NULL,NULL,NULL,NULL,NULL,NULL,NULL,'active'),(79,NULL,'Gerardo','Ramirez Jr.',6,'4c3286eddea4a80ae03233a10e32ea9b',NULL,NULL,'g.ramirez@rioschools.org',17,72,11,NULL,NULL,NULL,NULL,NULL,NULL,NULL,NULL,NULL,'active'),(80,NULL,'Sabrina','Vasquez',6,'f4845b9639cd3da9b383f6e25d0ff7d6',NULL,NULL,'s.vasquez@rioschools.org',23,73,11,NULL,NULL,NULL,NULL,NULL,NULL,NULL,NULL,NULL,'active'),(81,NULL,'Kelly','Rosillo',6,'c318e0c59ebae4d82f0be1dbf3ae6885',NULL,NULL,'k.rosillo@rioschools.org',62,74,11,NULL,NULL,NULL,NULL,NULL,NULL,NULL,NULL,NULL,'active'),(82,NULL,'Aldo','Urzua',6,'f35cc38c1c07d8126b3e75f500c4d2c6',NULL,NULL,'a.urzua@rioschools.org',50,75,11,NULL,NULL,NULL,NULL,NULL,NULL,NULL,NULL,NULL,'active'),(83,NULL,'Ayxa','Agraz',6,'d493e8fff35fc0c458de1c23c41b434f',NULL,NULL,'a.agraz@rioschools.org',63,76,11,NULL,NULL,NULL,NULL,NULL,NULL,NULL,NULL,NULL,'active'),(84,NULL,'Eduardo','Arevalo',6,'675e08c257f1c5ce831239602b7f8e08',NULL,NULL,'e.arevalo36@rioschools.org',41,77,11,NULL,NULL,NULL,NULL,NULL,NULL,NULL,NULL,NULL,'active'),(85,NULL,'Kimberly','Velasquez',6,'c1ce68727fd06bf4eb408496756b1ce8',NULL,NULL,'km.velasquez@rioschools.org',30,78,11,NULL,NULL,NULL,NULL,NULL,NULL,NULL,NULL,NULL,'active'),(86,NULL,'Sierra','Garcia',6,'dacf32d7589b19fbeb05b1d738ef48c1',NULL,NULL,'sh.garcia@rioschools.org',36,79,11,NULL,NULL,NULL,NULL,NULL,NULL,NULL,NULL,NULL,'active'),(87,NULL,'Bianca','Gonzalez',6,'ecc944eb76ed81f92e5760bb35e0310f',NULL,NULL,'bm.gonzalez@rioschools.org',27,80,11,NULL,NULL,NULL,NULL,NULL,NULL,NULL,NULL,NULL,'active'),(88,NULL,'Mariela','Vargas',6,'8f9c1af3d680e203ffa892adfdf152b3',NULL,NULL,'m.vargas@rioschools.org',65,81,11,NULL,NULL,NULL,NULL,NULL,NULL,NULL,NULL,NULL,'active'),(89,NULL,'Angela','Zamudio',6,'efb590fc642e5c6041183332f4ff6529',NULL,NULL,'a.zamudio@rioschools.org',12,82,11,NULL,NULL,NULL,NULL,NULL,NULL,NULL,NULL,NULL,'active'),(90,NULL,'Andres','Leos',6,'9a9b11878c6548ed88cdd4d435b7d1ce',NULL,NULL,'aa.leos@rioschools.org',35,83,11,NULL,NULL,NULL,NULL,NULL,NULL,NULL,NULL,NULL,'active'),(91,NULL,'Dannika','Ruizvelasco',6,'87cfe299f76c6870775241eb66b9e182',NULL,NULL,'d.ruizvelasco@rioschools.org',11,84,11,NULL,NULL,NULL,NULL,NULL,NULL,NULL,NULL,NULL,'active'),(92,NULL,'Osvaldo','Menchaca',6,'559cb2c553864538a087e873bffddbd1',NULL,NULL,'o.menchaca@rioschools.org',18,85,11,NULL,NULL,NULL,NULL,NULL,NULL,NULL,NULL,NULL,'active'),(93,NULL,'Oscar','Mendoza',6,'5702d8f84be39228507523a5f4e51eca',NULL,NULL,'o.mendoza@rioschools.org',46,86,11,NULL,NULL,NULL,NULL,NULL,NULL,NULL,NULL,NULL,'active'),(94,NULL,'Emma','Soderstedt',6,'c951cc5bfa87c8b307ff7d584f6631fe',NULL,NULL,'e.soderstedt@rioschools.org',58,87,11,NULL,NULL,NULL,NULL,NULL,NULL,NULL,NULL,NULL,'active'),(95,NULL,'Jaden','Stewart',6,'302196583d6ae961bd965a66547f7fd3',NULL,NULL,'j.stewart@rioschools.org',34,88,11,NULL,NULL,NULL,NULL,NULL,NULL,NULL,NULL,NULL,'active'),(96,NULL,'Carlos','Martinez',6,'d970a1f43130a12e6f73a4f25f71a7da',NULL,NULL,'c.martinez@rioschools.org',61,89,11,NULL,NULL,NULL,NULL,NULL,NULL,NULL,NULL,NULL,'active'),(97,NULL,'Sebastian','Delgado',6,'c5070195df79b25a4f6a338555ea0903',NULL,NULL,'s.delgado@rioschools.org',28,90,11,NULL,NULL,NULL,NULL,NULL,NULL,NULL,NULL,NULL,'active'),(98,NULL,'Gisell','Olvera',6,'47008ea70099e738e476218ccdf4c4bd',NULL,NULL,'g.olvera@rioschools.org',49,91,11,NULL,NULL,NULL,NULL,NULL,NULL,NULL,NULL,NULL,'active'),(99,NULL,'Andrew','Munoz',6,'8f41373b6cd9a68916c34decf3519a22',NULL,NULL,'a.munoz49@rioschools.org',19,92,11,NULL,NULL,NULL,NULL,NULL,NULL,NULL,NULL,NULL,'active'),(100,NULL,'Israel','Ayala',6,'b1d1d85386463f04d79a8d89e8ba28ab',NULL,NULL,'i.ayala@rioschools.org',55,93,11,NULL,NULL,NULL,NULL,NULL,NULL,NULL,NULL,NULL,'active'),(101,NULL,'Yessenia','Flores',6,'ec8206b6d47314ad8c869ae440e3de7a',NULL,NULL,'y.flores@rioschools.org',42,94,11,NULL,NULL,NULL,NULL,NULL,NULL,NULL,NULL,NULL,'active'),(102,NULL,'Edmundo','Garfio',6,'b65575c8bcfdcb4ea0718a8a3856e36f',NULL,NULL,'e.garfio@rioschools.org',51,95,11,NULL,NULL,NULL,NULL,NULL,NULL,NULL,NULL,NULL,'active'),(103,NULL,'Sophia','Betancourt',6,'cbee1f7868c5d850924a7f7dbacdee8b',NULL,NULL,'s.betancourt@rioschools.org',15,96,11,NULL,NULL,NULL,NULL,NULL,NULL,NULL,NULL,NULL,'active'),(104,NULL,'Christian','Marcelino',6,'5ddc240e74c2c24b2cc015205b790593',NULL,NULL,'c.marcelino@rioschools.org',32,97,11,NULL,NULL,NULL,NULL,NULL,NULL,NULL,NULL,NULL,'active'),(105,NULL,'Peter','Hill',6,'3f41a3399ee4ca66a2c822046f96b593',NULL,NULL,'p.hill@rioschools.org',40,98,11,NULL,NULL,NULL,NULL,NULL,NULL,NULL,NULL,NULL,'active'),(106,NULL,'Andy','Del Villar',6,'fa4a482337f2a1b147b3672ab0a587b2',NULL,NULL,'a.delvillar@rioschools.org',38,99,11,NULL,NULL,NULL,NULL,NULL,NULL,NULL,NULL,NULL,'active'),(107,NULL,'Andrea','Mendez Lopez',6,'eeaccf8c3bb8337a62eeb47d5ee78797',NULL,NULL,'a.mendezlopez@rioschools.org',56,100,11,NULL,NULL,NULL,NULL,NULL,NULL,NULL,NULL,NULL,'active'),(108,NULL,'Frank','Trejo',6,'dc96cd53c7c963dc9d6a5fc8597f03cb',NULL,NULL,'fa.trejo@rioschools.org',20,101,11,NULL,NULL,NULL,NULL,NULL,NULL,NULL,NULL,NULL,'active'),(109,NULL,'Dayanara','Guerrero',6,'3c3cde0337ef7056ebe96a339f642785',NULL,NULL,'d.guerrero@rioschools.org',54,102,11,NULL,NULL,NULL,NULL,NULL,NULL,NULL,NULL,NULL,'active'),(110,NULL,'Atzhiri','Gomez',6,'84634ce477b181695b9d6c07ed17122a',NULL,NULL,'a.gomez32@rioschools.org',37,103,11,NULL,NULL,NULL,NULL,NULL,NULL,NULL,NULL,NULL,'active'),(111,NULL,'Natalia','Macias',6,'6ae74de9dd1326c1e164178953ff4cb5',NULL,NULL,'n.macias@rioschools.org',10,104,11,NULL,NULL,NULL,NULL,NULL,NULL,NULL,NULL,NULL,'active'),(112,NULL,'Emily','Rodriguez',6,'85590a3515c985b8fc5cdf3a3317a970',NULL,NULL,'e.rodriguez@rioschools.org',33,105,11,NULL,NULL,NULL,NULL,NULL,NULL,NULL,NULL,NULL,'active'),(113,NULL,'Nayeli','Mojica',6,'6a989fc2436552217a94dbf96d6c8d57',NULL,NULL,'n.mojica25@rioschools.org',14,106,11,NULL,NULL,NULL,NULL,NULL,NULL,NULL,NULL,NULL,'active'),(114,NULL,'Zayali','Leyva',6,'f1b74079760ad5cd726aa9fc025f7547',NULL,NULL,'z.leyva@rioschools.org',29,107,11,NULL,NULL,NULL,NULL,NULL,NULL,NULL,NULL,NULL,'active'),(115,NULL,'Omar','Gaspar',6,'6b80cb6c4725b4c47011193254613441',NULL,NULL,'o.gaspar@rioschools.org',43,108,11,NULL,NULL,NULL,NULL,NULL,NULL,NULL,NULL,NULL,'active'),(116,NULL,'Sharon','Cuellar',6,'e3a4a233a42b51a81182a91152cbc1ca',NULL,NULL,'s.cuellar@rioschools.org',59,109,11,NULL,NULL,NULL,NULL,NULL,NULL,NULL,NULL,NULL,'active'),(117,NULL,'Gerardo','Carrillo',6,'90b3c1ee29b15bdee13be6457fcc925d',NULL,NULL,'g.carrillo@rioschools.org',25,110,11,NULL,NULL,NULL,NULL,NULL,NULL,NULL,NULL,NULL,'active'),(118,NULL,'Luna','Ambriz',6,'36453fa01324483bf7dbdc8829fc025a',NULL,NULL,'l.ambriz97@rioschools.org',48,111,11,NULL,NULL,NULL,NULL,NULL,NULL,NULL,NULL,NULL,'active'),(119,NULL,'Angel','Mateo',6,'521e37d88e70e846d626e3ea9fa7dc2e',NULL,NULL,'a.mateo@rioschools.org',21,112,11,NULL,NULL,NULL,NULL,NULL,NULL,NULL,NULL,NULL,'active'),(120,NULL,'Abraham','Cervantes',6,'4404522630914bfa6acfe718eaff7065',NULL,NULL,'a.cervantes7@rioschools.org',47,113,11,NULL,NULL,NULL,NULL,NULL,NULL,NULL,NULL,NULL,'active'),(121,NULL,'Julissa','Vergara',6,'6961663766020c99c421a3020fcc383d',NULL,NULL,'j.vergara49@rioschools.org',22,114,11,NULL,NULL,NULL,NULL,NULL,NULL,NULL,NULL,NULL,'active');

-- Dumping data for table `security`
INSERT INTO `security` (`security_id`, `reg_id`, `sec_question_id`, `answer`, `verification_code`, `status`, `create_date`, `change_date`) VALUES (2,8,2,'pizza','adminadmin','in active',NULL,NULL),(3,9,2,'pizza','adminadmin','in active',NULL,NULL),(4,10,2,'pizza','adminadmin','in active',NULL,NULL),(5,11,2,'pizza','adminadmin','in active',NULL,NULL),(6,12,2,'pizza','adminadmin','in active',NULL,NULL),(7,13,2,'pizza','adminadmin','in active',NULL,NULL),(8,14,2,'pizza','adminadmin','in active',NULL,NULL),(9,15,2,'pizza','adminadmin','in active',NULL,NULL),(10,16,2,'pizza','adminadmin','in active',NULL,NULL),(11,17,2,'pizza','adminadmin','in active',NULL,NULL),(12,18,2,'pizza','adminadmin','in active',NULL,NULL),(13,19,2,'pizza','adminadmin','in active',NULL,NULL),(14,20,2,'pizza','adminadmin','in active',NULL,NULL),(15,21,2,'pizza','adminadmin','in active',NULL,NULL),(16,22,2,'pizza','adminadmin','in active',NULL,NULL),(17,23,2,'pizza','adminadmin','in active',NULL,NULL),(18,24,2,'pizza','adminadmin','in active',NULL,NULL),(19,25,2,'pizza','adminadmin','in active',NULL,NULL),(20,26,2,'pizza','adminadmin','in active',NULL,NULL),(21,27,2,'pizza','adminadmin','in active',NULL,NULL),(22,28,2,'pizza','adminadmin','in active',NULL,NULL),(23,29,2,'pizza','adminadmin','in active',NULL,NULL),(24,30,2,'pizza','adminadmin','in active',NULL,NULL),(25,31,2,'pizza','adminadmin','in active',NULL,NULL),(26,32,2,'pizza','adminadmin','in active',NULL,NULL),(27,33,2,'pizza','adminadmin','in active',NULL,NULL),(28,34,2,'pizza','adminadmin','in active',NULL,NULL),(29,35,2,'pizza','adminadmin','in active',NULL,NULL),(30,36,2,'pizza','adminadmin','in active',NULL,NULL),(31,37,2,'pizza','adminadmin','in active',NULL,NULL),(32,38,2,'pizza','adminadmin','in active',NULL,NULL),(33,39,2,'pizza','adminadmin','in active',NULL,NULL),(34,40,2,'pizza','adminadmin','in active',NULL,NULL),(35,41,2,'pizza','adminadmin','in active',NULL,NULL),(36,42,2,'pizza','adminadmin','in active',NULL,NULL),(37,43,2,'pizza','adminadmin','in active',NULL,NULL),(38,44,2,'pizza','adminadmin','in active',NULL,NULL),(39,45,2,'pizza','adminadmin','in active',NULL,NULL),(40,46,2,'pizza','adminadmin','in active',NULL,NULL),(41,47,2,'pizza','adminadmin','in active',NULL,NULL),(42,48,2,'pizza','adminadmin','in active',NULL,NULL),(43,49,2,'pizza','adminadmin','in active',NULL,NULL),(44,50,2,'pizza','adminadmin','in active',NULL,NULL),(45,51,2,'pizza','adminadmin','in active',NULL,NULL),(46,52,2,'pizza','adminadmin','in active',NULL,NULL),(47,53,2,'pizza','adminadmin','in active',NULL,NULL),(48,54,2,'pizza','adminadmin','in active',NULL,NULL),(49,55,2,'pizza','adminadmin','in active',NULL,NULL),(50,56,2,'pizza','adminadmin','in active',NULL,NULL),(51,57,2,'pizza','adminadmin','in active',NULL,NULL),(52,58,2,'pizza','adminadmin','in active',NULL,NULL),(53,59,2,'pizza','adminadmin','in active',NULL,NULL),(54,60,2,'pizza','adminadmin','in active',NULL,NULL),(55,61,2,'pizza','adminadmin','in active',NULL,NULL),(56,62,2,'pizza','adminadmin','in active',NULL,NULL),(57,63,2,'pizza','adminadmin','in active',NULL,NULL),(58,64,2,'pizza','adminadmin','in active',NULL,NULL),(59,65,2,'pizza','adminadmin','in active',NULL,NULL),(60,66,2,'pizza','adminadmin','in active',NULL,NULL),(61,67,2,'pizza','adminadmin','in active',NULL,NULL),(62,68,2,'pizza','adminadmin','in active',NULL,NULL),(63,69,2,'pizza','adminadmin','in active',NULL,NULL),(64,70,2,'pizza','adminadmin','in active',NULL,NULL),(65,71,2,'pizza','adminadmin','in active',NULL,NULL),(66,72,2,'pizza','adminadmin','in active',NULL,NULL),(67,73,2,'pizza','adminadmin','in active',NULL,NULL),(68,74,2,'pizza','adminadmin','in active',NULL,NULL),(69,75,2,'pizza','adminadmin','in active',NULL,NULL),(70,76,2,'pizza','adminadmin','in active',NULL,NULL),(71,77,2,'pizza','adminadmin','in active',NULL,NULL),(72,78,2,'pizza','adminadmin','in active',NULL,NULL),(73,79,2,'pizza','adminadmin','in active',NULL,NULL),(74,80,2,'pizza','adminadmin','in active',NULL,NULL),(75,81,2,'pizza','adminadmin','in active',NULL,NULL),(76,82,2,'pizza','adminadmin','in active',NULL,NULL),(77,83,2,'pizza','adminadmin','in active',NULL,NULL),(78,84,2,'pizza','adminadmin','in active',NULL,NULL),(79,85,2,'pizza','adminadmin','in active',NULL,NULL),(80,86,2,'pizza','adminadmin','in active',NULL,NULL),(81,87,2,'pizza','adminadmin','in active',NULL,NULL),(82,88,2,'pizza','adminadmin','in active',NULL,NULL),(83,89,2,'pizza','adminadmin','in active',NULL,NULL),(84,90,2,'pizza','adminadmin','in active',NULL,NULL),(85,91,2,'pizza','adminadmin','in active',NULL,NULL),(86,92,2,'pizza','adminadmin','in active',NULL,NULL),(87,93,2,'pizza','adminadmin','in active',NULL,NULL),(88,94,2,'pizza','adminadmin','in active',NULL,NULL),(89,95,2,'pizza','adminadmin','in active',NULL,NULL),(90,96,2,'pizza','adminadmin','in active',NULL,NULL),(91,97,2,'pizza','adminadmin','in active',NULL,NULL),(92,98,2,'pizza','adminadmin','in active',NULL,NULL),(93,99,2,'pizza','adminadmin','in active',NULL,NULL),(94,100,2,'pizza','adminadmin','in active',NULL,NULL),(95,101,2,'pizza','adminadmin','in active',NULL,NULL),(96,102,2,'pizza','adminadmin','in active',NULL,NULL),(97,103,2,'pizza','adminadmin','in active',NULL,NULL),(98,104,2,'pizza','adminadmin','in active',NULL,NULL),(99,105,2,'pizza','adminadmin','in active',NULL,NULL),(100,106,2,'pizza','adminadmin','in active',NULL,NULL),(101,107,2,'pizza','adminadmin','in active',NULL,NULL),(102,108,2,'pizza','adminadmin','in active',NULL,NULL),(103,109,2,'pizza','adminadmin','in active',NULL,NULL),(104,110,2,'pizza','adminadmin','in active',NULL,NULL),(105,111,2,'pizza','adminadmin','in active',NULL,NULL),(106,112,2,'pizza','adminadmin','in active',NULL,NULL),(107,113,2,'pizza','adminadmin','in active',NULL,NULL),(108,114,2,'pizza','adminadmin','in active',NULL,NULL),(109,115,2,'pizza','adminadmin','in active',NULL,NULL),(110,116,2,'pizza','adminadmin','in active',NULL,NULL),(111,117,2,'pizza','adminadmin','in active',NULL,NULL),(112,118,2,'pizza','adminadmin','in active',NULL,NULL),(113,119,2,'pizza','adminadmin','in active',NULL,NULL),(114,120,2,'pizza','adminadmin','in active',NULL,NULL),(115,121,2,'pizza','adminadmin','in active',NULL,NULL);

-- Dumping data for table `grade`
INSERT INTO `grade` (`grade_id`, `school_id`, `status`, `create_date`, `change_date`, `master_grades_id`) VALUES (1,11,'active','2015-07-27','2015-07-27 12:14:21',5),(2,11,'active','2015-07-27','2015-07-27 12:14:21',4);

-- Dumping data for table `class`
INSERT INTO `class` (`class_id`, `class_name`, `school_id`, `create_date`, `change_date`) VALUES (1,'Grade 5',11,'2015-07-27','2015-07-27 12:14:21'),(2,'Grade 4',11,'2015-07-27','2015-07-27 12:14:21');

-- Dumping data for table `grade_classes`
INSERT INTO `grade_classes` (`grade_class_id`, `grade_id`, `class_id`, `status`, `create_date`, `change_date`) VALUES (1,1,1,'active','2015-07-27','2015-07-27 12:14:21'),(2,2,2,'active','2015-07-27','2015-07-27 12:14:21');

-- Dumping data for table `teacher`
INSERT INTO `teacher` (`teacher_id`, `reg_id`, `status`) VALUES (1,8,'active'),(2,9,'active');

-- Dumping data for table `student`
INSERT INTO `student` (`student_id`, `reg_id`, `grade_id`, `gender`, `dob`, `create_date`, `change_date`, `homeroom_id`) VALUES (1,66,2,'Female','2004-09-03','2015-07-27','2015-07-27 12:14:26',NULL),(2,67,2,'Female','2004-02-25','2015-07-27','2015-07-27 12:14:26',NULL),(3,68,2,'Female','2004-11-18','2015-07-27','2015-07-27 12:14:26',NULL),(4,69,2,'Male','2004-08-05','2015-07-27','2015-07-27 12:14:26',NULL),(5,70,1,'Female','2004-07-26','2015-07-27','2015-07-27 12:14:26',NULL),(6,71,2,'Male','2004-06-30','2015-07-27','2015-07-27 12:14:26',NULL),(7,72,1,'Female','2004-10-31','2015-07-27','2015-07-27 12:14:26',NULL),(8,73,1,'Male','2003-12-17','2015-07-27','2015-07-27 12:14:26',NULL),(9,74,1,'Male','2004-03-22','2015-07-27','2015-07-27 12:14:26',NULL),(10,75,1,'Male','2004-03-20','2015-07-27','2015-07-27 12:14:26',NULL),(11,76,2,'Male','2004-01-12','2015-07-27','2015-07-27 12:14:26',NULL),(12,77,1,'Male','2004-08-25','2015-07-27','2015-07-27 12:14:26',NULL),(13,78,1,'Male','2004-06-20','2015-07-27','2015-07-27 12:14:26',NULL),(14,79,1,'Male','2004-10-31','2015-07-27','2015-07-27 12:14:26',NULL),(15,80,2,'Female','2004-03-26','2015-07-27','2015-07-27 12:14:26',NULL),(16,81,1,'Female','2004-09-01','2015-07-27','2015-07-27 12:14:26',NULL),(17,82,1,'Male','2004-01-22','2015-07-27','2015-07-27 12:14:26',NULL),(18,83,2,'Female','2004-03-23','2015-07-27','2015-07-27 12:14:26',NULL),(19,84,1,'Male','2004-01-18','2015-07-27','2015-07-27 12:14:26',NULL),(20,85,1,'Female','2004-02-04','2015-07-27','2015-07-27 12:14:26',NULL),(21,86,2,'Female','2004-07-20','2015-07-27','2015-07-27 12:14:26',NULL),(22,87,1,'Female','2004-11-08','2015-07-27','2015-07-27 12:14:26',NULL),(23,88,1,'Female','2004-03-05','2015-07-27','2015-07-27 12:14:26',NULL),(24,89,2,'Female','2004-11-22','2015-07-27','2015-07-27 12:14:26',NULL),(25,90,2,'Male','2004-06-25','2015-07-27','2015-07-27 12:14:26',NULL),(26,91,1,'Female','2004-06-12','2015-07-27','2015-07-27 12:14:26',NULL),(27,92,1,'Male','2003-10-28','2015-07-27','2015-07-27 12:14:26',NULL),(28,93,2,'Male','2004-11-20','2015-07-27','2015-07-27 12:14:26',NULL),(29,94,1,'Female','2004-05-21','2015-07-27','2015-07-27 12:14:26',NULL),(30,95,2,'Male','2004-09-22','2015-07-27','2015-07-27 12:14:26',NULL),(31,96,1,'Male','2004-01-05','2015-07-27','2015-07-27 12:14:26',NULL),(32,97,1,'Male','2004-09-07','2015-07-27','2015-07-27 12:14:26',NULL),(33,98,2,'Female','2004-11-12','2015-07-27','2015-07-27 12:14:26',NULL),(34,99,1,'Male','2004-05-08','2015-07-27','2015-07-27 12:14:26',NULL),(35,100,2,'Male','2004-11-10','2015-07-27','2015-07-27 12:14:26',NULL),(36,101,1,'Female','2003-09-08','2015-07-27','2015-07-27 12:14:26',NULL),(37,102,1,'Male','2004-01-26','2015-07-27','2015-07-27 12:14:26',NULL),(38,103,2,'Female','2004-09-22','2015-07-27','2015-07-27 12:14:26',NULL),(39,104,1,'Male','2004-03-01','2015-07-27','2015-07-27 12:14:26',NULL),(40,105,1,'Male','2003-12-30','2015-07-27','2015-07-27 12:14:26',NULL),(41,106,1,'Male','2004-01-17','2015-07-27','2015-07-27 12:14:26',NULL),(42,107,1,'Female','2004-09-12','2015-07-27','2015-07-27 12:14:26',NULL),(43,108,1,'Male','2003-12-24','2015-07-27','2015-07-27 12:14:26',NULL),(44,109,1,'Female','2004-03-11','2015-07-27','2015-07-27 12:14:26',NULL),(45,110,2,'Female','2003-12-16','2015-07-27','2015-07-27 12:14:26',NULL),(46,111,1,'Female','2004-02-27','2015-07-27','2015-07-27 12:14:26',NULL),(47,112,1,'Female','2003-12-20','2015-07-27','2015-07-27 12:14:26',NULL),(48,113,1,'Female','2003-12-11','2015-07-27','2015-07-27 12:14:26',NULL),(49,114,1,'Female','2004-09-12','2015-07-27','2015-07-27 12:14:26',NULL),(50,115,2,'Male','2004-03-29','2015-07-27','2015-07-27 12:14:26',NULL),(51,116,1,'Female','2003-03-08','2015-07-27','2015-07-27 12:14:26',NULL),(52,117,1,'Male','2004-05-01','2015-07-27','2015-07-27 12:14:26',NULL),(53,118,2,'Female','2004-11-16','2015-07-27','2015-07-27 12:14:26',NULL),(54,119,2,'Male','2004-09-12','2015-07-27','2015-07-27 12:14:26',NULL),(55,120,1,'Male','2004-10-04','2015-07-27','2015-07-27 12:14:26',NULL),(56,121,2,'Female','2004-05-02','2015-07-27','2015-07-27 12:14:26',NULL);

-- Dumping data for table `teacher_subjects`
INSERT INTO `teacher_subjects` (`teacher_subject_id`, `teacher_id`, `grade_id`, `class_id`, `create_date`, `change_date`, `grade_level_id`, `no_sections_per_day`, `no_sections_per_week`, `other_subjects`, `desktop_status`, `requested_class_status`) VALUES (1,1,1,1,'2015-07-27','2015-07-27 12:14:21',2,3,9,NULL,NULL,NULL),(2,2,2,2,'2015-07-27','2015-07-27 12:14:21',2,3,9,NULL,NULL,NULL);

-- Dumping data for table `register_for_class`
INSERT INTO `register_for_class` (`student_id`, `cs_id`, `section_id`, `rti_group_id`, `status`, `desktop_status`, `class_status`, `create_date`, `change_date`, `performance_group_id`, `grade_class_id`, `grade_level_id`, `teacher_id`) VALUES (1,NULL,NULL,NULL,'new',NULL,'alive',NULL,NULL,NULL,2,2,NULL),(2,NULL,NULL,NULL,'new',NULL,'alive',NULL,NULL,NULL,2,2,NULL),(3,NULL,NULL,NULL,'new',NULL,'alive',NULL,NULL,NULL,2,2,NULL),(4,NULL,NULL,NULL,'new',NULL,'alive',NULL,NULL,NULL,2,2,NULL),(5,NULL,NULL,NULL,'new',NULL,'alive',NULL,NULL,NULL,1,2,NULL),(6,NULL,NULL,NULL,'new',NULL,'alive',NULL,NULL,NULL,2,2,NULL),(7,NULL,NULL,NULL,'new',NULL,'alive',NULL,NULL,NULL,1,2,NULL),(8,NULL,NULL,NULL,'new',NULL,'alive',NULL,NULL,NULL,1,2,NULL),(9,NULL,NULL,NULL,'new',NULL,'alive',NULL,NULL,NULL,1,2,NULL),(10,NULL,NULL,NULL,'new',NULL,'alive',NULL,NULL,NULL,1,2,NULL),(11,NULL,NULL,NULL,'new',NULL,'alive',NULL,NULL,NULL,2,2,NULL),(12,NULL,NULL,NULL,'new',NULL,'alive',NULL,NULL,NULL,1,2,NULL),(13,NULL,NULL,NULL,'new',NULL,'alive',NULL,NULL,NULL,1,2,NULL),(14,NULL,NULL,NULL,'new',NULL,'alive',NULL,NULL,NULL,1,2,NULL),(15,NULL,NULL,NULL,'new',NULL,'alive',NULL,NULL,NULL,2,2,NULL),(16,NULL,NULL,NULL,'new',NULL,'alive',NULL,NULL,NULL,1,2,NULL),(17,NULL,NULL,NULL,'new',NULL,'alive',NULL,NULL,NULL,1,2,NULL),(18,NULL,NULL,NULL,'new',NULL,'alive',NULL,NULL,NULL,2,2,NULL),(19,NULL,NULL,NULL,'new',NULL,'alive',NULL,NULL,NULL,1,2,NULL),(20,NULL,NULL,NULL,'new',NULL,'alive',NULL,NULL,NULL,1,2,NULL),(21,NULL,NULL,NULL,'new',NULL,'alive',NULL,NULL,NULL,2,2,NULL),(22,NULL,NULL,NULL,'new',NULL,'alive',NULL,NULL,NULL,1,2,NULL),(23,NULL,NULL,NULL,'new',NULL,'alive',NULL,NULL,NULL,1,2,NULL),(24,NULL,NULL,NULL,'new',NULL,'alive',NULL,NULL,NULL,2,2,NULL),(25,NULL,NULL,NULL,'new',NULL,'alive',NULL,NULL,NULL,2,2,NULL),(26,NULL,NULL,NULL,'new',NULL,'alive',NULL,NULL,NULL,1,2,NULL),(27,NULL,NULL,NULL,'new',NULL,'alive',NULL,NULL,NULL,1,2,NULL),(28,NULL,NULL,NULL,'new',NULL,'alive',NULL,NULL,NULL,2,2,NULL),(29,NULL,NULL,NULL,'new',NULL,'alive',NULL,NULL,NULL,1,2,NULL),(30,NULL,NULL,NULL,'new',NULL,'alive',NULL,NULL,NULL,2,2,NULL),(31,NULL,NULL,NULL,'new',NULL,'alive',NULL,NULL,NULL,1,2,NULL),(32,NULL,NULL,NULL,'new',NULL,'alive',NULL,NULL,NULL,1,2,NULL),(33,NULL,NULL,NULL,'new',NULL,'alive',NULL,NULL,NULL,2,2,NULL),(34,NULL,NULL,NULL,'new',NULL,'alive',NULL,NULL,NULL,1,2,NULL),(35,NULL,NULL,NULL,'new',NULL,'alive',NULL,NULL,NULL,2,2,NULL),(36,NULL,NULL,NULL,'new',NULL,'alive',NULL,NULL,NULL,1,2,NULL),(37,NULL,NULL,NULL,'new',NULL,'alive',NULL,NULL,NULL,1,2,NULL),(38,NULL,NULL,NULL,'new',NULL,'alive',NULL,NULL,NULL,2,2,NULL),(39,NULL,NULL,NULL,'new',NULL,'alive',NULL,NULL,NULL,1,2,NULL),(40,NULL,NULL,NULL,'new',NULL,'alive',NULL,NULL,NULL,1,2,NULL),(41,NULL,NULL,NULL,'new',NULL,'alive',NULL,NULL,NULL,1,2,NULL),(42,NULL,NULL,NULL,'new',NULL,'alive',NULL,NULL,NULL,1,2,NULL),(43,NULL,NULL,NULL,'new',NULL,'alive',NULL,NULL,NULL,1,2,NULL),(44,NULL,NULL,NULL,'new',NULL,'alive',NULL,NULL,NULL,1,2,NULL),(45,NULL,NULL,NULL,'new',NULL,'alive',NULL,NULL,NULL,2,2,NULL),(46,NULL,NULL,NULL,'new',NULL,'alive',NULL,NULL,NULL,1,2,NULL),(47,NULL,NULL,NULL,'new',NULL,'alive',NULL,NULL,NULL,1,2,NULL),(48,NULL,NULL,NULL,'new',NULL,'alive',NULL,NULL,NULL,1,2,NULL),(49,NULL,NULL,NULL,'new',NULL,'alive',NULL,NULL,NULL,1,2,NULL),(50,NULL,NULL,NULL,'new',NULL,'alive',NULL,NULL,NULL,2,2,NULL),(51,NULL,NULL,NULL,'new',NULL,'alive',NULL,NULL,NULL,1,2,NULL),(52,NULL,NULL,NULL,'new',NULL,'alive',NULL,NULL,NULL,1,2,NULL),(53,NULL,NULL,NULL,'new',NULL,'alive',NULL,NULL,NULL,2,2,NULL),(54,NULL,NULL,NULL,'new',NULL,'alive',NULL,NULL,NULL,2,2,NULL),(55,NULL,NULL,NULL,'new',NULL,'alive',NULL,NULL,NULL,1,2,NULL),(56,NULL,NULL,NULL,'new',NULL,'alive',NULL,NULL,NULL,2,2,NULL);


update user_registration set password = md5('student') where user_typeid in (5,6);

INSERT INTO `address` (`address_id`, `address`, `state_id`, `city`, `zipcode`, `create_date`, `change_date`) VALUES (115,'600 Simon Way #',1,'Oxnard',93036,NULL,NULL);

INSERT INTO `edulink1_lpriority`.`user_registration`
(`reg_id`, `title`, `first_name`, `last_name`, `user_typeid`, `password`, `qualification`, `phonenumber`, `email_id`, `parent_reg_id`, `address_id`, `school_id`,
`create_date`, `change_date`, `experience`, `subjects`, `interestareas`, `projects`, `education`, `contactinfo`, `district_id`, `status`)
VALUES ('122', 'Mr', 'Abraham', 'Lincon', '2', 'f6fdffe48c908deb0f4c3bd36c032e72', 'MS', '4892389422', 'rdm_admin@rioschools.org', NULL, '115', '11', '2015-07-27', '2015-07-27 18:11:40', NULL, NULL, NULL, NULL, NULL, NULL, NULL, 'active');

INSERT INTO `edulink1_lpriority`.`security`
(`security_id`, `reg_id`, `sec_question_id`, `answer`, `verification_code`, `status`, `create_date`, `change_date`)
VALUES ('116', '122', '1', 'pii', 'adminadmin', 'inactive', '2015-07-27', '2015-07-27 18:11:40');

update school set class_strength = 30 where school_id=11;

INSERT INTO `edulink1_lpriority`.`section`
(`section_id`, `grade_class_id`, `grade_level_id`, `section`, `status`) VALUES
('1', '2', '2', 'sec1', 'active'),
('2', '2', '2', 'sec2', 'active'),
('3', '1', '2', 'sec1', 'active'),
('4', '1', '2', 'sec2', 'active');

INSERT INTO `edulink1_lpriority`.`school_days`
(`school_days_id`, `day_id`, `create_date`, `change_date`, `school_id`, `status`) VALUES
('1', '1', '2016-02-26', '2016-02-26 10:48:03', '11', 'active'),
('2', '2', '2016-02-26', '2016-02-26 10:48:04', '11', 'active'),
('3', '3', '2016-02-26', '2016-02-26 10:48:05', '11', 'active'),
('4', '4', '2016-02-26', '2016-02-26 10:48:06', '11', 'active'),
('5', '5', '2016-02-26', '2016-02-26 10:48:07', '11', 'active'),
('6', '6', '2016-02-26', '2016-02-26 10:48:08', '11', 'active');

INSERT INTO `edulink1_lpriority`.`periods`
(`period_id`, `period_name`, `start_time`, `end_time`, `grade_id`) VALUES
('1', 'Home Room', '08:00:00', '08:15:00', '2'),
('2', 'period1', '08:15:00', '09:05:00', '2'),
('3', 'period2', '09:15:00', '10:05:00', '2'),
('4', 'period3', '10:15:00', '11:05:00', '2'),
('5', 'period4', '11:15:00', '12:05:00', '2'),
('6', 'Home Room', '08:00:00', '08:15:00', '1'),
('7', 'period1', '08:15:00', '09:05:00', '1'),
('8', 'period2', '09:15:00', '10:05:00', '1'),
('9', 'period3', '10:15:00', '11:05:00', '1'),
('10', 'period4', '11:15:00', '12:05:00', '1');


INSERT INTO `edulink1_lpriority`.`class_status`
(`cs_id`, `section_id`, `teacher_id`, `avail_status`, `description`, `start_date`, `end_date`, `editing_status`) VALUES
('1', '3', '1', 'available', 'class description', '2016-02-27', '2016-08-31', 'assigned'),
('2', '1', '2', 'available', 'class description', '2016-02-27', '2016-08-31', 'assigned');


INSERT INTO `edulink1_lpriority`.`class_actual_schedule`
(`cas_id`,
`cs_id`,
`day_id`,
`period_id`)
VALUES
('1', '1', '1', '7'),
('2', '1', '2', '7'),
('3', '1', '3', '7'),
('4', '1', '4', '7'),
('5', '1', '5', '7'),
('6', '2', '1', '2'),
('7', '2', '2', '2'),
('8', '2', '3', '2'),
('9', '2', '4', '2'),
('10', '2', '5', '2');

update register_for_class set status='accepted', class_status='alive', cs_id=2, section_id=1 where student_id in 
('1', '2', '3', '4', '6', '11', '15', '18', '21', '24', '25', '28', '30', '33', '35', '38', '45', '50', '53', '54', '56');
update register_for_class set status='accepted', class_status='alive', cs_id=1, section_id=3 where student_id in 
('5', '7', '8', '9', '10', '12', '13', '14', '16', '17', '19', '20', '22', '23', '26', '27', '29', '31', '32', '34', '36', '37', '39', '40', '41', '42', '43', '44','46', '47');
